Action indicator,Part Number,VN,Part Description,Part Description 2,Retail Price,VPN,Weight,UPC,Length,Width,Height,Price Change,Customer Price,Avaialbility Flag,,CPU Code,Media Type,Category,New Item,Rebate
A,ATTSUB      ,9602,AT&T ACTIVATION W/ SUBSIDY MUST,CONTACT MOBILE TEAM FOR ACTIVATION ,0,ATTACT              ,0,             ,0,0,0, ,0.01,N, ,WL-SVC,SVCS,1261, ,N
A,BA0011      ,U206,1YR OFFICESTD ALNG LICSAPK OLV ,D AP                               ,134,021-09108           ,0,             ,0,0,0, ,113.45,N, ,INT-SW,SLIC,1539, ,N
A,BA0013      ,U206,1YR OFFICESTD ALNG LICSAPK OLV ,C AP                               ,165,021-09202           ,0,             ,0,0,0, ,139.46,N, ,INT-SW,SLIC,1539, ,N
A,BA0025      ,U206,1YR WORD ALNG LICSAPK OLV D AP ,                                   ,66,059-07014           ,0,             ,0,0,0, ,56,N, ,WP-SW ,SLIC,1539, ,N
A,BA0027      ,U206,1YR WORD ALNG LICSAPK OLV C AP ,                                   ,81,059-07527           ,0,             ,0,0,0, ,68.77,N, ,WP-SW ,SLIC,1539, ,N
A,BA0039      ,U206,1YR EXCEL ALNG LICSAPK OLV D AP,                                   ,66,065-06444           ,0,             ,0,0,0, ,56,N, ,SS-SW ,SLIC,1539, ,N
A,BA0041      ,U206,1YR EXCEL ALNG LICSAPK OLV C AP,                                   ,81,065-06861           ,0,             ,0,0,0, ,68.77,N, ,SS-SW ,SLIC,1539, ,N
A,BA0067      ,U206,1YR PRJCT ALNG LICSAPK OLV D AP,                                   ,203,076-04355           ,0,             ,0,0,0, ,171.86,N, ,INT-SW,SLIC,1539, ,N
A,BA0069      ,U206,1YR PRJCT ALNG LICSAPK OLV C AP,                                   ,249,076-04458           ,0,             ,0,0,0, ,211.12,N, ,INT-SW,SLIC,1539, ,N
A,BA0080      ,U206,1YR ACCESS ALNG LICSAPK OLV D  ,AP                                 ,68,077-05318           ,0,             ,0,0,0, ,57.33,N, ,DB-SW ,SLIC,1582, ,N
A,BA0083      ,U206,1YR ACCESS ALNG LICSAPK OLV C  ,AP                                 ,83,077-05652           ,0,             ,0,0,0, ,70.33,N, ,DB-SW ,SLIC,1582, ,N
A,BA0095      ,U206,1YR PWRPOINT ALNG LICSAPK OLV D,AP                                 ,66,079-04668           ,0,             ,0,0,0, ,56,N, ,INT-SW,SLIC,1539, ,N
A,BA0097      ,U206,1YR PWRPOINT ALNG LICSAPK OLV C,AP                                 ,81,079-05086           ,0,             ,0,0,0, ,68.77,N, ,INT-SW,SLIC,1539, ,N
A,BA0224      ,U206,1YR VSTEAMFNDTNSVR ALNG LICSAPK,OLV D AP                           ,120,125-00511           ,0,             ,0,0,0, ,101.89,N, ,INT-SW,SLIC,1539, ,N
A,BA0227      ,U206,1YR VSTEAMFNDTNSVR ALNG LICSAPK,OLV C AP                           ,148,125-00821           ,0,             ,0,0,0, ,125.25,N, ,INT-SW,SLIC,1539, ,N
A,BA0249      ,U206,1YR VSTEAMFNDTNSVRCAL ALNG     ,LICSAPK OLV D AP DVCCAL            ,120,126-01023           ,0,             ,0,0,0, ,101.89,N, ,INT-SW,SLIC,1539, ,N
A,BA0250      ,U206,1YR VSTEAMFNDTNSVRCAL ALNG     ,LICSAPK OLV D AP USRCAL            ,138,126-01024           ,0,             ,0,0,0, ,117.06,N, ,INT-SW,SLIC,1539, ,N
A,BA0253      ,U206,1YR VSTEAMFNDTNSVRCAL ALNG     ,LICSAPK OLV C AP DVCCAL            ,148,126-01370           ,0,             ,0,0,0, ,125.25,N, ,INT-SW,SLIC,1539, ,N
A,BA0254      ,U206,1YR VSTEAMFNDTNSVRCAL ALNG     ,LICSAPK OLV C AP USRCAL            ,170,126-01371           ,0,             ,0,0,0, ,144.04,N, ,INT-SW,SLIC,1539, ,N
A,BA0291      ,U206,1YR PBLSHR ALNG LICSAPK OLV D  ,AP                                 ,47,164-05581           ,0,             ,0,0,0, ,39.86,N, ,INT-SW,SLIC,1539, ,N
A,BA0293      ,U206,1YR PBLSHR ALNG LICSAPK OLV C  ,AP                                 ,58,164-06102           ,0,             ,0,0,0, ,48.9,N, ,INT-SW,SLIC,1539, ,N
A,BA0300      ,U206,1YR SQLSVRSTD ALNG LICSAPK OLV ,D AP                               ,278,228-07279           ,0,             ,0,0,0, ,235.93,N, ,INT-SW,SLIC,1539, ,N
A,BA0330      ,U206,1YR SQLSVRSTD ALNG LICSAPK OLV ,C AP                               ,342,228-08899           ,0,             ,0,0,0, ,290,N, ,DB-SW ,SLIC,1582, ,N
A,BA0333      ,U206,1YR OFFICEPROPLUS ALNG LICSAPK ,OLV C ENT                          ,165,269-09656           ,0,             ,0,0,0, ,139.58,N, ,INT-SW,SLIC,1539, ,N
A,BA0334      ,U206,1YR OFFICEPROPLUS ALNG LICSAPK ,OLV C UTD                          ,83,269-10041           ,0,             ,0,0,0, ,69.79,N, ,INT-SW,SLIC,1539, ,N
A,BA0345      ,U206,1YR EXCHGSVRSTD ALNG LICSAPK   ,OLV D AP                           ,219,312-03719           ,0,             ,0,0,0, ,186.07,N, ,INT-SW,SLIC,1539, ,N
A,BA0347      ,U206,1YR EXCHGSVRSTD ALNG LICSAPK   ,OLV C AP                           ,270,312-03795           ,0,             ,0,0,0, ,228.7,N, ,INT-SW,SLIC,1539, ,N
A,BA0374      ,U206,1YR SQLCAL ALNG LICSAPK OLV D  ,AP DVCCAL                          ,65,359-04628           ,0,             ,0,0,0, ,54.8,N, ,INT-SW,SLIC,1539, ,N
A,BA0375      ,U206,1YR SQLCAL ALNG LICSAPK OLV D  ,AP USRCAL                          ,65,359-04630           ,0,             ,0,0,0, ,54.8,N, ,INT-SW,SLIC,1539, ,N
A,BA0378      ,U206,1YR SQLCAL ALNG LICSAPK OLV C  ,AP DVCCAL                          ,80,359-05174           ,0,             ,0,0,0, ,67.44,N, ,DB-SW ,SLIC,1582, ,N
A,BA0379      ,U206,1YR SQLCAL ALNG LICSAPK OLV C  ,AP USRCAL                          ,80,359-05175           ,0,             ,0,0,0, ,67.44,N, ,DB-SW ,SLIC,1582, ,N
A,BA0441      ,U206,1YR EXCHGSVRENT ALNG LICSAPK   ,OLV D AP                           ,1254,395-04147           ,0,             ,0,0,0, ,1065.11,N, ,INT-SW,SLIC,1539, ,N
A,BA0443      ,U206,1YR EXCHGSVRENT ALNG LICSAPK   ,OLV C AP                           ,1541,395-04245           ,0,             ,0,0,0, ,1309.11,N, ,INT-SW,SLIC,1539, ,N
A,BA0587      ,U206,1YR OUTLK ALNG LICSAPK OLV D AP,                                   ,29,543-04462           ,0,             ,0,0,0, ,24.09,N, ,INT-SW,SLIC,1539, ,N
A,BA0589      ,U206,1YR OUTLK ALNG LICSAPK OLV C AP,                                   ,35,543-05013           ,0,             ,0,0,0, ,29.51,N, ,INT-SW,SLIC,1539, ,N
A,BA1207      ,U206,1YR ENTCAL ALNG LICSAPK OLV C  ,ENT DVCCAL WSRVCS                  ,140,76A-00324           ,0,             ,0,0,0, ,118.63,N, ,INT-SW,SLIC,1539, ,N
A,BA1208      ,U206,1YR ENTCAL ALNG LICSAPK OLV C  ,ENT USRCAL WSRVCS                  ,182,76A-00326           ,0,             ,0,0,0, ,154.15,N, ,INT-SW,SLIC,1539, ,N
A,BA1223      ,U206,1YR ENTCAL ALNG LICSAPK OLV D  ,ENT DVCCAL WSRVCS                  ,113,76A-00360           ,0,             ,0,0,0, ,95.87,N, ,INT-SW,SLIC,1539, ,N
A,9Z8873      ,M148,5YR ONECARE SELECT ADV EXCHANGE,ZT510 COMP                         ,1120,Z1AS-ZT51-5C0       ,0,             ,0,0,0, ,761.6,N, ,DEPLOY,SVCS,1241, ,N
A,9Z8874      ,M148,3YR ONECARE SELECT ADV EXCHANGE,ZT610 NON-COMP                     ,515,Z1AS-ZT61-300       ,0,             ,0,0,0, ,350.2,N, ,DEPLOY,SVCS,1241, ,N
A,9Z8875      ,M148,3YR ONECARE SELECT ADV EXCHANGE,ZT610 COMP                         ,780,Z1AS-ZT61-3C0       ,0,             ,0,0,0, ,530.4,N, ,DEPLOY,SVCS,1241, ,N
A,9Z8876      ,M148,5YR ONECARE SELECT ADV EXCHANGE,ZT610 NON-COMP                     ,1030,Z1AS-ZT61-500       ,0,             ,0,0,0, ,700.4,N, ,DEPLOY,SVCS,1241, ,N
A,9Z8877      ,M148,5YR ONECARE SELECT ADV EXCHANGE,ZT610 COMP                         ,1560,Z1AS-ZT61-5C0       ,0,             ,0,0,0, ,1060.8,N, ,DEPLOY,SVCS,1241, ,N
A,9Z8878      ,M148,2YR ONECARE NON-COMP SVALUE    ,5DAY TAT APPLICABLE TO MOBILE EZ320,25,Z1AV-MOBL-2         ,0,             ,0,0,0, ,17,N, ,DEPLOY,SVCS,1241, ,N
A,9Z8879      ,M148,3YR ONECARE SELECT EXPRESS     ,REPLACEMENT ZT410 ZT420 COMP       ,520,Z1AX-ZT4X-3C0       ,0,             ,0,0,0, ,353.6,N, ,DEPLOY,SVCS,1241, ,N
A,9Z8880      ,M148,3YR ONECARE SELECT EXPRESS REPL,US ONLY ZXP SERIES 9 NON-COMP      ,770,Z1AX-ZX9X-300       ,0,             ,0,0,0, ,523.6,N, ,DEPLOY,SVCS,1241, ,N
A,9Z8881      ,M148,3YR ONECARE SELECT EXPRESS REPL,US ONLY ZXP SERIES 9 COMP          ,970,Z1AX-ZX9X-3C0       ,0,             ,0,0,0, ,659.6,N, ,DEPLOY,SVCS,1241, ,N
A,9Z8882      ,M148,5YR ONECARE SELECT EXPRESS REPL,US ONLY ZXP SERIES 9 NON-COMP      ,2000,Z1AX-ZX9X-500       ,0,             ,0,0,0, ,1360,N, ,DEPLOY,SVCS,1241, ,N
A,9Z8883      ,M148,5YR ONECARE SELECT EXPRESS REPL,US ONLY ZXP SERIES 9 COMP          ,2600,Z1AX-ZX9X-5C0       ,0,             ,0,0,0, ,1768,N, ,DEPLOY,SVCS,1241, ,N
A,9Z8884      ,M148,1YR ONECARE ESSENTIAL PRE-OWNED,NEXT BUS DAY ONSITE ZT510 NON-COMP ,440,Z1B1-ZT51-100       ,0,             ,0,0,0, ,299.2,N, ,DEPLOY,SVCS,1241, ,N
A,9Z8885      ,M148,1YR ONECARE ESSENTIAL PRE-OWNED,NEXT BUS DAY ONSITE ZT510 COMP     ,650,Z1B1-ZT51-1C0       ,0,             ,0,0,0, ,442,N, ,DEPLOY,SVCS,1241, ,N
A,9Z8886      ,M148,3YR ONECARE ESSENTIAL PRE-OWNED,NEXT BUS DAY ONSITE ZT510 NON-COMP ,1275,Z1B1-ZT51-300       ,0,             ,0,0,0, ,867,N, ,DEPLOY,SVCS,1241, ,N
A,9Z8887      ,M148,3YR ONECARE ESSENTIAL PRE-OWNED,NEXT BUS DAY ONSITE ZT510 COMP     ,1885,Z1B1-ZT51-3C0       ,0,             ,0,0,0, ,1281.8,N, ,DEPLOY,SVCS,1241, ,N
A,9Z8888      ,M148,1YR ONECARE ESSENTIAL PRE-OWNED,NEXT BUS DAY ONSITE ZT610 NON-COMP ,570,Z1B1-ZT61-100       ,0,             ,0,0,0, ,387.6,N, ,DEPLOY,SVCS,1241, ,N
A,9Z8889      ,M148,1YR ONECARE ESSENTIAL PRE-OWNED,NEXT BUS DAY ONSITE ZT610 COMP     ,830,Z1B1-ZT61-1C0       ,0,             ,0,0,0, ,564.4,N, ,DEPLOY,SVCS,1241, ,N
A,9Z8890      ,M148,3YR ONECARE ESSENTIAL PRE-OWNED,NEXT BUS DAY ONSITE ZT610 NON-COMP ,1595,Z1B1-ZT61-300       ,0,             ,0,0,0, ,1084.6,N, ,DEPLOY,SVCS,1241, ,N
A,9Z8891      ,M148,3YR ONECARE ESSENTIAL PRE-OWNED,NEXT BUS DAY ONSITE ZT610 COMP     ,2350,Z1B1-ZT61-3C0       ,0,             ,0,0,0, ,1598,N, ,DEPLOY,SVCS,1241, ,N
A,9Z8892      ,M148,1YR ONECARE ESSENTIAL NON-COMP ,2ND BUS DAY ONSITE 110XI4 140XI4 17,460,Z1B2-XI41-100       ,0,             ,0,0,0, ,312.8,N, ,DEPLOY,SVCS,1241, ,N
A,9Z8893      ,M148,1YR ONECARE ESSENTIAL PRE-OWNED,2ND BUS DAY ONSITE ZT510 NON-COMP  ,350,Z1B2-ZT51-100       ,0,             ,0,0,0, ,238,N, ,DEPLOY,SVCS,1241, ,N
A,9Z8894      ,M148,1YR ONECARE ESSENTIAL PRE-OWNED,SECOND BUS DAY ONSITE ZT510 COMP   ,560,Z1B2-ZT51-1C0       ,0,             ,0,0,0, ,380.8,N, ,DEPLOY,SVCS,1241, ,N
A,9Z8895      ,M148,3YR ONECARE ESSENTIAL PRE-OWNED,2ND BUS DAY ONSITE ZT510 NON-COMP  ,1015,Z1B2-ZT51-300       ,0,             ,0,0,0, ,690.2,N, ,DEPLOY,SVCS,1241, ,N
A,9Z8896      ,M148,3YR ONECARE ESSENTIAL PRE-OWNED,SECOND BUS DAY ONSITE ZT510 COMP   ,1625,Z1B2-ZT51-3C0       ,0,             ,0,0,0, ,1105,N, ,DEPLOY,SVCS,1241, ,N
A,9Z8897      ,M148,1YR ONECARE ESSENTIAL PRE-OWNED,2ND BUS DAY ONSITE ZT610 NON-COMP  ,460,Z1B2-ZT61-100       ,0,             ,0,0,0, ,312.8,N, ,DEPLOY,SVCS,1241, ,N
A,9Z8898      ,M148,1YR ONECARE ESSENTIAL PRE-OWNED,SECOND BUS DAY ONSITE ZT610 COMP   ,720,Z1B2-ZT61-1C0       ,0,             ,0,0,0, ,489.6,N, ,DEPLOY,SVCS,1241, ,N
A,9Z8899      ,M148,3YR ONECARE ESSENTIAL PRE-OWNED,2ND BUS DAY ONSITE ZT610 NON-COMP  ,1290,Z1B2-ZT61-300       ,0,             ,0,0,0, ,877.2,N, ,DEPLOY,SVCS,1241, ,N
A,9Z8900      ,M148,3YR ONECARE ESSENTIAL PRE-OWNED,SECOND BUS DAY ONSITE ZT610 COMP   ,2045,Z1B2-ZT61-3C0       ,0,             ,0,0,0, ,1390.6,N, ,DEPLOY,SVCS,1241, ,N
A,9Z8901      ,M148,1YR ONECARE SELECT PRE-OWNED   ,SAME BUS DAY ONSITE ZT510 NON-COMP ,650,Z1B4-ZT51-100       ,0,             ,0,0,0, ,442,N, ,DEPLOY,SVCS,1241, ,N
A,9Z8902      ,M148,1YR ONECARE SELECT PRE-OWNED   ,SAME BUS DAY ONSITE ZT510 COMP     ,860,Z1B4-ZT51-1C0       ,0,             ,0,0,0, ,584.8,N, ,DEPLOY,SVCS,1241, ,N
A,9Z8903      ,M148,3YR ONECARE SELECT PRE-OWNED   ,SAME BUS DAY ONSITE ZT510 NON-COMP ,1885,Z1B4-ZT51-300       ,0,             ,0,0,0, ,1281.8,N, ,DEPLOY,SVCS,1241, ,N
A,9Z8904      ,M148,3YR ONECARE SELECT PRE-OWNED   ,SAME BUS DAY ONSITE ZT510 COMP     ,2495,Z1B4-ZT51-3C0       ,0,             ,0,0,0, ,1696.6,N, ,DEPLOY,SVCS,1241, ,N
A,9Z8905      ,M148,1YR ONECARE SELECT PRE-OWNED   ,SAME BUS DAY ONSITE ZT610 NON-COMP ,860,Z1B4-ZT61-100       ,0,             ,0,0,0, ,584.8,N, ,DEPLOY,SVCS,1241, ,N
A,9Z8906      ,M148,1YR ONECARE SELECT PRE-OWNED   ,SAME BUS DAY ONSITE ZT610 COMP     ,1120,Z1B4-ZT61-1C0       ,0,             ,0,0,0, ,761.6,N, ,DEPLOY,SVCS,1241, ,N
A,9Z8907      ,M148,3YR ONECARE SELECT PRE-OWNED   ,SAME BUS DAY ONSITE ZT610 NON-COMP ,2494,Z1B4-ZT61-300       ,0,             ,0,0,0, ,1695.92,N, ,DEPLOY,SVCS,1241, ,N
A,9Z8908      ,M148,3YR ONECARE SELECT PRE-OWNED   ,SAME BUS DAY ONSITE ZT610 COMP     ,3250,Z1B4-ZT61-3C0       ,0,             ,0,0,0, ,2210,N, ,DEPLOY,SVCS,1241, ,N
A,9Z8909      ,M148,1YR ONECARE ESSENTIAL ZC10L    ,NON-COMP                           ,595,Z1BE-ZC10-100       ,0,             ,0,0,0, ,404.6,N, ,DEPLOY,SVCS,1241, ,N
A,9Z8910      ,M148,1YR ONECARE ESSENTIAL ZC10L    ,COMP                               ,795,Z1BE-ZC10-1C0       ,0,             ,0,0,0, ,540.6,N, ,DEPLOY,SVCS,1241, ,N
A,9Z8911      ,M148,3YR ONECARE ESSENTIAL ZC10L    ,NON-COMP                           ,1735,Z1BE-ZC10-300       ,0,             ,0,0,0, ,1179.8,N, ,DEPLOY,SVCS,1241, ,N
A,9Z8912      ,M148,3YR ONECARE ESSENTIAL ZC10L    ,COMP                               ,2315,Z1BE-ZC10-3C0       ,0,             ,0,0,0, ,1574.2,N, ,DEPLOY,SVCS,1241, ,N
A,9Z8913      ,M148,1YR ONECARE ESSENTIAL PURCHASED,AFTER 30 DAYS OF DEVICE ZD4X0 COMP ,65,Z1BE-ZD40-1C0       ,0,             ,0,0,0, ,44.2,N, ,DEPLOY,SVCS,1241, ,N
A,9Z8914      ,M148,3YR ONECARE ESSENTIAL PURCHASED,AFTER 30 DAYS OF DEVICE ZD4X0 COMP ,185,Z1BE-ZD40-3C0       ,0,             ,0,0,0, ,125.8,N, ,DEPLOY,SVCS,1241, ,N
A,9Z8915      ,M148,4YR ONECARE ESSENTIAL ZT410    ,ZT420 COMP                         ,900,Z1BE-ZT4X-4C0       ,0,             ,0,0,0, ,612,N, ,DEPLOY,SVCS,1241, ,N
A,9Z8916      ,M148,1YR ONECARE ESSENTIAL PRE-OWNED,ZT510 NON-COMP                     ,190,Z1BE-ZT51-100       ,0,             ,0,0,0, ,129.2,N, ,DEPLOY,SVCS,1241, ,N
A,9Z8917      ,M148,1YR ONECARE ESSENTIAL PRE-OWNED,ZT510 COMP                         ,290,Z1BE-ZT51-1C0       ,0,             ,0,0,0, ,197.2,N, ,DEPLOY,SVCS,1241, ,N
A,9Z8918      ,M148,3YR ONECARE ESSENTIAL PRE-OWNED,ZT510 NON-COMP                     ,550,Z1BE-ZT51-300       ,0,             ,0,0,0, ,374,N, ,DEPLOY,SVCS,1241, ,N
A,9Z8919      ,M148,3YR ONECARE ESSENTIAL PRE-OWNED,ZT510 COMP                         ,840,Z1BE-ZT51-3C0       ,0,             ,0,0,0, ,571.2,N, ,DEPLOY,SVCS,1241, ,N
A,9Z8920      ,M148,1YR ONECARE ESSENTIAL PRE-OWNED,ZT610 NON-COMP                     ,285,Z1BE-ZT61-100       ,0,             ,0,0,0, ,193.8,N, ,DEPLOY,SVCS,1241, ,N
A,9Z8921      ,M148,1YR ONECARE ESSENTIAL PRE-OWNED,ZT610 COMP                         ,410,Z1BE-ZT61-1C0       ,0,             ,0,0,0, ,278.8,N, ,DEPLOY,SVCS,1241, ,N
A,9Z8922      ,M148,3YR ONECARE ESSENTIAL PRE-OWNED,ZT610 NON-COMP                     ,825,Z1BE-ZT61-300       ,0,             ,0,0,0, ,561,N, ,DEPLOY,SVCS,1241, ,N
A,9Z8923      ,M148,3YR ONECARE ESSENTIAL PRE-OWNED,ZT610 COMP                         ,1190,Z1BE-ZT61-3C0       ,0,             ,0,0,0, ,809.2,N, ,DEPLOY,SVCS,1241, ,N
A,9Z8924      ,M148,1YR ONECARE ESSENTIAL ZXP      ,SERIES 9 NON-COMP                  ,680,Z1BE-ZX9X-100       ,0,             ,0,0,0, ,462.4,N, ,DEPLOY,SVCS,1241, ,N
A,9Z8925      ,M148,3YR ONECARE ESSENTIAL ZXP      ,SERIES 9 NON-COMP                  ,1970,Z1BE-ZX9X-300       ,0,             ,0,0,0, ,1339.6,N, ,DEPLOY,SVCS,1241, ,N
A,9Z8926      ,M148,1YR ONECARE ESSENTIAL NBD TAT  ,NA MX ONLY ZD4X0 COMP              ,75,Z1BF-ZD40-1C0       ,0,             ,0,0,0, ,51,N, ,DEPLOY,SVCS,1241, ,N
A,9Z8927      ,M148,3YR ONECARE ESSENTIAL NBD TAT  ,NA MX ONLY ZD4X0 COMP              ,210,Z1BF-ZD40-3C0       ,0,             ,0,0,0, ,142.8,N, ,DEPLOY,SVCS,1241, ,N
A,9Z8928      ,M148,1YR ONECARE ESSENTIAL PRE-OWNED,NBD TAT NA MX ONLY ZT510 NON-COMP  ,210,Z1BF-ZT51-100       ,0,             ,0,0,0, ,142.8,N, ,DEPLOY,SVCS,1241, ,N
A,9Z8929      ,M148,1YR ONECARE ESSENTIAL PRE-OWNED,NBD TAT NA MX ONLY ZT510 COMP      ,310,Z1BF-ZT51-1C0       ,0,             ,0,0,0, ,210.8,N, ,DEPLOY,SVCS,1241, ,N
A,9Z8930      ,M148,3YR ONECARE ESSENTIAL PRE-OWNED,NBD TAT NA MX ONLY ZT510 NON-COMP  ,610,Z1BF-ZT51-300       ,0,             ,0,0,0, ,414.8,N, ,DEPLOY,SVCS,1241, ,N
A,9Z8931      ,M148,3YR ONECARE ESSENTIAL PRE-OWNED,NBD TAT NA MX ONLY ZT510 COMP      ,900,Z1BF-ZT51-3C0       ,0,             ,0,0,0, ,612,N, ,DEPLOY,SVCS,1241, ,N
A,9Z8932      ,M148,1YR ONECARE ESSENTIAL PRE-OWNED,NBD TAT NA MX ONLY ZT610 NON-COMP  ,305,Z1BF-ZT61-100       ,0,             ,0,0,0, ,207.4,N, ,DEPLOY,SVCS,1241, ,N
A,9Z8933      ,M148,1YR ONECARE ESSENTIAL PRE-OWNED,NBD TAT NA MX ONLY ZT610 COMP      ,430,Z1BF-ZT61-1C0       ,0,             ,0,0,0, ,292.4,N, ,DEPLOY,SVCS,1241, ,N
A,9Z8934      ,M148,3YR ONECARE ESSENTIAL PRE-OWNED,NBD TAT NA MX ONLY ZT610 NON-COMP  ,885,Z1BF-ZT61-300       ,0,             ,0,0,0, ,601.8,N, ,DEPLOY,SVCS,1241, ,N
A,9Z8935      ,M148,3YR ONECARE ESSENTIAL PRE-OWNED,NBD TAT NA MX ONLY ZT610 COMP      ,1245,Z1BF-ZT61-3C0       ,0,             ,0,0,0, ,846.6,N, ,DEPLOY,SVCS,1241, ,N
A,9Z8936      ,M148,1YR ONECARE ESSENTIAL NBD TAT  ,NA MX ONLY ZXP SERIES 9 NON-COMP   ,730,Z1BF-ZX9X-100       ,0,             ,0,0,0, ,496.4,N, ,DEPLOY,SVCS,1241, ,N
A,9Z8937      ,M148,1YR ONECARE ESSENTIAL NBD TAT  ,NA MX ONLY ZXP SERIES 9 COMP       ,930,Z1BF-ZX9X-1C0       ,0,             ,0,0,0, ,632.4,N, ,DEPLOY,SVCS,1241, ,N
A,9Z8938      ,M148,3YR ONECARE ESSENTIAL NBD TAT  ,NA MX ONLY ZXP SERIES 9 NON-COMP   ,2115,Z1BF-ZX9X-300       ,0,             ,0,0,0, ,1438.2,N, ,DEPLOY,SVCS,1241, ,N
A,9Z8939      ,M148,3YR ONECARE ESSENTIAL NBD TAT  ,NA MX ONLY ZXP SERIES 9 COMP       ,2695,Z1BF-ZX9X-3C0       ,0,             ,0,0,0, ,1832.6,N, ,DEPLOY,SVCS,1241, ,N
A,9Z8940      ,M148,1YR ONECARE SELECT ADV EXCHANGE,ZD4X0 COMP                         ,80,Z1BS-ZD40-1C0       ,0,             ,0,0,0, ,54.4,N, ,DEPLOY,SVCS,1241, ,N
A,9Z8941      ,M148,3YR ONECARE SELECT ADV EXCHANGE,ZD4X0 COMP                         ,225,Z1BS-ZD40-3C0       ,0,             ,0,0,0, ,153,N, ,DEPLOY,SVCS,1241, ,N
A,9Z8942      ,M148,1YR ONECARE SELECT PRE-OWNED   ,ADV EXCHANGE ZT510 NON-COMP        ,230,Z1BS-ZT51-100       ,0,             ,0,0,0, ,156.4,N, ,DEPLOY,SVCS,1241, ,N
A,9Z8943      ,M148,1YR ONECARE SELECT PRE-OWNED   ,ADV EXCHANGE ZT510 COMP            ,330,Z1BS-ZT51-1C0       ,0,             ,0,0,0, ,224.4,N, ,DEPLOY,SVCS,1241, ,N
A,9Z8944      ,M148,3YR ONECARE SELECT PRE-OWNED   ,ADV EXCHANGE ZT510 NON-COMP        ,665,Z1BS-ZT51-300       ,0,             ,0,0,0, ,452.2,N, ,DEPLOY,SVCS,1241, ,N
A,9Z8945      ,M148,3YR ONECARE SELECT PRE-OWNED   ,ADV EXCHANGE ZT510 COMP            ,955,Z1BS-ZT51-3C0       ,0,             ,0,0,0, ,649.4,N, ,DEPLOY,SVCS,1241, ,N
A,9Z8946      ,M148,1YR ONECARE SELECT PRE-OWNED   ,ADV EXCHANGE ZT610 NON-COMP        ,340,Z1BS-ZT61-100       ,0,             ,0,0,0, ,231.2,N, ,DEPLOY,SVCS,1241, ,N
A,9Z8947      ,M148,1YR ONECARE SELECT PRE-OWNED   ,ADV EXCHANGE ZT610 COMP            ,465,Z1BS-ZT61-1C0       ,0,             ,0,0,0, ,316.2,N, ,DEPLOY,SVCS,1241, ,N
A,9Z8948      ,M148,3YR ONECARE SELECT PRE-OWNED   ,ADV EXCHANGE ZT610 NON-COMP        ,985,Z1BS-ZT61-300       ,0,             ,0,0,0, ,669.8,N, ,DEPLOY,SVCS,1241, ,N
A,9Z8949      ,M148,3YR ONECARE SELECT PRE-OWNED   ,ADV EXCHANGE ZT610 COMP            ,1350,Z1BS-ZT61-3C0       ,0,             ,0,0,0, ,918,N, ,DEPLOY,SVCS,1241, ,N
A,9Z8950      ,M148,1YR ONECARE SELECT EXPRESS     ,REPLACEMENT US ONLY ZC10L NON-COMP ,780,Z1BX-ZC10-100       ,0,             ,0,0,0, ,530.4,N, ,DEPLOY,SVCS,1241, ,N
A,9Z8951      ,M148,1YR ONECARE SELECT EXPRESS     ,REPLACEMENT US ONLY ZC10L COMP     ,1040,Z1BX-ZC10-1C0       ,0,             ,0,0,0, ,707.2,N, ,DEPLOY,SVCS,1241, ,N
A,9Z8952      ,M148,3YR ONECARE SELECT EXPRESS     ,REPLACEMENT US ONLY ZC10L NON-COMP ,2260,Z1BX-ZC10-300       ,0,             ,0,0,0, ,1536.8,N, ,DEPLOY,SVCS,1241, ,N
A,9Z8953      ,M148,3YR ONECARE SELECT EXPRESS     ,REPLACEMENT US ONLY ZC10L COMP     ,3010,Z1BX-ZC10-3C0       ,0,             ,0,0,0, ,2046.8,N, ,DEPLOY,SVCS,1241, ,N
A,9Z8954      ,M148,1YR ONECARE SELECT EXPRESS REPL,US ONLY ZXP SERIES 9 NON-COMP      ,930,Z1BX-ZX9X-100       ,0,             ,0,0,0, ,632.4,N, ,DEPLOY,SVCS,1241, ,N
A,9Z8955      ,M148,1YR ONECARE SELECT EXPRESS REPL,US ONLY ZXP SERIES 9 COMP          ,1130,Z1BX-ZX9X-1C0       ,0,             ,0,0,0, ,768.4,N, ,DEPLOY,SVCS,1241, ,N
A,9Z8956      ,M148,3YR ONECARE SELECT EXPRESS REPL,US ONLY ZXP SERIES 9 NON-COMP      ,2695,Z1BX-ZX9X-300       ,0,             ,0,0,0, ,1832.6,N, ,DEPLOY,SVCS,1241, ,N
A,9Z8957      ,M148,3YR ONECARE SELECT EXPRESS REPL,US ONLY ZXP SERIES 9 COMP          ,3275,Z1BX-ZX9X-3C0       ,0,             ,0,0,0, ,2227,N, ,DEPLOY,SVCS,1241, ,N
A,9Z8958      ,M148,1YR ONECARE ESSENTIAL RNWL NEXT,BUS DAY ONSITE ZT510 NON-COMP      ,370,Z1R1-ZT51-100       ,0,             ,0,0,0, ,251.6,N, ,DEPLOY,SVCS,1241, ,N
A,9Z8959      ,M148,1YR ONECARE ESSENTIAL RNWL NEXT,BUS DAY ONSITE ZT510 COMP          ,580,Z1R1-ZT51-1C0       ,0,             ,0,0,0, ,394.4,N, ,DEPLOY,SVCS,1241, ,N
A,9Z8960      ,M148,2YR ONECARE ESSENTIAL RNWL NEXT,BUS DAY ONSITE ZT510 NON-COMP      ,670,Z1R1-ZT51-200       ,0,             ,0,0,0, ,455.6,N, ,DEPLOY,SVCS,1241, ,N
A,9Z8961      ,M148,2YR ONECARE ESSENTIAL RNWL NEXT,BUS DAY ONSITE ZT510 COMP          ,1090,Z1R1-ZT51-2C0       ,0,             ,0,0,0, ,741.2,N, ,DEPLOY,SVCS,1241, ,N
A,9Z8962      ,M148,1YR ONECARE ESSENTIAL RNWL NEXT,BUS DAY ONSITE ZT610 NON-COMP      ,490,Z1R1-ZT61-100       ,0,             ,0,0,0, ,333.2,N, ,DEPLOY,SVCS,1241, ,N
A,9Z8963      ,M148,1YR ONECARE ESSENTIAL RNWL NEXT,BUS DAY ONSITE ZT610 COMP          ,750,Z1R1-ZT61-1C0       ,0,             ,0,0,0, ,510,N, ,DEPLOY,SVCS,1241, ,N
A,9Z8964      ,M148,2YR ONECARE ESSENTIAL RNWL NEXT,BUS DAY ONSITE ZT610 NON-COMP      ,880,Z1R1-ZT61-200       ,0,             ,0,0,0, ,598.4,N, ,DEPLOY,SVCS,1241, ,N
A,9Z8965      ,M148,2YR ONECARE ESSENTIAL RNWL NEXT,BUS DAY ONSITE ZT610 COMP          ,1400,Z1R1-ZT61-2C0       ,0,             ,0,0,0, ,952,N, ,DEPLOY,SVCS,1241, ,N
A,9Z8966      ,M148,1YR ONECARE ESSENTIAL RNWL 2ND ,BUS DAY ONSITE ZT510 NON-COMP      ,300,Z1R2-ZT51-100       ,0,             ,0,0,0, ,204,N, ,DEPLOY,SVCS,1241, ,N
A,9Z8967      ,M148,1YR ONECARE ESSENTIAL RNWL     ,SECOND BUS DAY ONSITE ZT510 COMP   ,510,Z1R2-ZT51-1C0       ,0,             ,0,0,0, ,346.8,N, ,DEPLOY,SVCS,1241, ,N
A,9Z8968      ,M148,2YR ONECARE ESSENTIAL RNWL 2ND ,BUS DAY ONSITE ZT510 NON-COMP      ,540,Z1R2-ZT51-200       ,0,             ,0,0,0, ,367.2,N, ,DEPLOY,SVCS,1241, ,N
A,9Z8969      ,M148,2YR ONECARE ESSENTIAL RNWL     ,SECOND BUS DAY ONSITE ZT510 COMP   ,960,Z1R2-ZT51-2C0       ,0,             ,0,0,0, ,652.8,N, ,DEPLOY,SVCS,1241, ,N
A,9Z8970      ,M148,1YR ONECARE ESSENTIAL RNWL 2ND ,BUS DAY ONSITE ZT610 NON-COMP      ,390,Z1R2-ZT61-100       ,0,             ,0,0,0, ,265.2,N, ,DEPLOY,SVCS,1241, ,N
A,9Z8971      ,M148,1YR ONECARE ESSENTIAL RNWL     ,SECOND BUS DAY ONSITE ZT610 COMP   ,650,Z1R2-ZT61-1C0       ,0,             ,0,0,0, ,442,N, ,DEPLOY,SVCS,1241, ,N
A,9Z8972      ,M148,2YR ONECARE ESSENTIAL RNWL 2ND ,BUS DAY ONSITE ZT610 NON-COMP      ,700,Z1R2-ZT61-200       ,0,             ,0,0,0, ,476,N, ,DEPLOY,SVCS,1241, ,N
A,9Z8973      ,M148,2YR ONECARE ESSENTIAL RNWL     ,SECOND BUS DAY ONSITE ZT610 COMP   ,1220,Z1R2-ZT61-2C0       ,0,             ,0,0,0, ,829.6,N, ,DEPLOY,SVCS,1241, ,N
A,9Z8974      ,M148,1YR ONECARE SELECT RNWL SAME   ,BUS DAY ONSITE ZT510 NON-COMP      ,555,Z1R4-ZT51-100       ,0,             ,0,0,0, ,377.4,N, ,DEPLOY,SVCS,1241, ,N
A,9Z8975      ,M148,1YR ONECARE SELECT RNWL SAME   ,BUS DAY ONSITE ZT510 COMP          ,765,Z1R4-ZT51-1C0       ,0,             ,0,0,0, ,520.2,N, ,DEPLOY,SVCS,1241, ,N
A,9Z8976      ,M148,2YR ONECARE SELECT RNWL SAME   ,BUS DAY ONSITE ZT510 NON-COMP      ,999,Z1R4-ZT51-200       ,0,             ,0,0,0, ,679.32,N, ,DEPLOY,SVCS,1241, ,N
A,9Z8977      ,M148,2YR ONECARE SELECT RNWL SAME   ,BUS DAY ONSITE ZT510 COMP          ,1419,Z1R4-ZT51-2C0       ,0,             ,0,0,0, ,964.92,N, ,DEPLOY,SVCS,1241, ,N
A,9Z8978      ,M148,1YR ONECARE SELECT RNWL SAME   ,BUS DAY ONSITE ZT610 NON-COMP      ,730,Z1R4-ZT61-100       ,0,             ,0,0,0, ,496.4,N, ,DEPLOY,SVCS,1241, ,N
A,9Z8979      ,M148,1YR ONECARE SELECT RNWL SAME   ,BUS DAY ONSITE ZT610 COMP          ,995,Z1R4-ZT61-1C0       ,0,             ,0,0,0, ,676.6,N, ,DEPLOY,SVCS,1241, ,N
A,9Z8980      ,M148,2YR ONECARE SELECT RNWL SAME   ,BUS DAY ONSITE ZT610 NON-COMP      ,1315,Z1R4-ZT61-200       ,0,             ,0,0,0, ,894.2,N, ,DEPLOY,SVCS,1241, ,N
A,9Z8981      ,M148,2YR ONECARE SELECT RNWL SAME   ,BUS DAY ONSITE ZT610 COMP          ,1835,Z1R4-ZT61-2C0       ,0,             ,0,0,0, ,1247.8,N, ,DEPLOY,SVCS,1241, ,N
A,9Z8982      ,M148,3YR ONECARE ESSENTIAL RNWL     ,QLN220 QLN320 QLN420 COMP          ,345,Z1RE-QNX0-3C0       ,0,             ,0,0,0, ,234.6,N, ,DEPLOY,SVCS,1241, ,N
A,9Z8983      ,M148,1YR ONECARE ESSENTIAL RNWL     ,ZC10L NON-COMP                     ,495,Z1RE-ZC10-100       ,0,             ,0,0,0, ,336.6,N, ,DEPLOY,SVCS,1241, ,N
A,9Z8984      ,M148,2YR ONECARE ESSENTIAL RNWL     ,ZC10L NON-COMP                     ,995,Z1RE-ZC10-200       ,0,             ,0,0,0, ,676.6,N, ,DEPLOY,SVCS,1241, ,N
A,9Z8985      ,M148,1YR ONECARE ESSENTIAL RNWL     ,ZT510 NON-COMP                     ,150,Z1RE-ZT51-100       ,0,             ,0,0,0, ,102,N, ,DEPLOY,SVCS,1241, ,N
A,9Z8986      ,M148,1YR ONECARE ESSENTIAL RNWL     ,ZT510 COMP                         ,250,Z1RE-ZT51-1C0       ,0,             ,0,0,0, ,170,N, ,DEPLOY,SVCS,1241, ,N
A,9Z8987      ,M148,2YR ONECARE ESSENTIAL RNWL     ,ZT510 NON-COMP                     ,270,Z1RE-ZT51-200       ,0,             ,0,0,0, ,183.6,N, ,DEPLOY,SVCS,1241, ,N
A,9Z8988      ,M148,2YR ONECARE ESSENTIAL RNWL     ,ZT510 COMP                         ,480,Z1RE-ZT51-2C0       ,0,             ,0,0,0, ,326.4,N, ,DEPLOY,SVCS,1241, ,N
A,9Z8989      ,M148,1YR ONECARE ESSENTIAL RNWL     ,ZT610 NON-COMP                     ,240,Z1RE-ZT61-100       ,0,             ,0,0,0, ,163.2,N, ,DEPLOY,SVCS,1241, ,N
A,9Z8990      ,M148,1YR ONECARE ESSENTIAL RNWL     ,ZT610 COMP                         ,365,Z1RE-ZT61-1C0       ,0,             ,0,0,0, ,248.2,N, ,DEPLOY,SVCS,1241, ,N
A,9Z8991      ,M148,2YR ONECARE ESSENTIAL RNWL     ,ZT610 NON-COMP                     ,430,Z1RE-ZT61-200       ,0,             ,0,0,0, ,292.4,N, ,DEPLOY,SVCS,1241, ,N
A,9Z8992      ,M148,2YR ONECARE ESSENTIAL RNWL     ,ZT610 COMP                         ,695,Z1RE-ZT61-2C0       ,0,             ,0,0,0, ,472.6,N, ,DEPLOY,SVCS,1241, ,N
A,9Z8993      ,M148,1YR ONECARE ESSENTIAL RNWL NBD ,TAT NA MX ONLY ZT510 NON-COMP      ,170,Z1RF-ZT51-100       ,0,             ,0,0,0, ,115.6,N, ,DEPLOY,SVCS,1241, ,N
A,9Z8994      ,M148,1YR ONECARE ESSENTIAL RNWL NBD ,TAT NA MX ONLY ZT510 COMP          ,270,Z1RF-ZT51-1C0       ,0,             ,0,0,0, ,183.6,N, ,DEPLOY,SVCS,1241, ,N
A,9Z8995      ,M148,2YR ONECARE ESSENTIAL RNWL NBD ,TAT NA MX ONLY ZT510 NON-COMP      ,320,Z1RF-ZT51-200       ,0,             ,0,0,0, ,217.6,N, ,DEPLOY,SVCS,1241, ,N
A,9Z8996      ,M148,2YR ONECARE ESSENTIAL RNWL NBD ,TAT NA MX ONLY ZT510 COMP          ,520,Z1RF-ZT51-2C0       ,0,             ,0,0,0, ,353.6,N, ,DEPLOY,SVCS,1241, ,N
A,9Z8997      ,M148,1YR ONECARE ESSENTIAL RNWL NBD ,TAT NA MX ONLY ZT610 NON-COMP      ,260,Z1RF-ZT61-100       ,0,             ,0,0,0, ,176.8,N, ,DEPLOY,SVCS,1241, ,N
A,9Z8998      ,M148,1YR ONECARE ESSENTIAL RNWL NBD ,TAT NA MX ONLY ZT610 COMP          ,395,Z1RF-ZT61-1C0       ,0,             ,0,0,0, ,268.6,N, ,DEPLOY,SVCS,1241, ,N
A,9Z8999      ,M148,2YR ONECARE ESSENTIAL RNWL NBD ,TAT NA MX ONLY ZT610 NON-COMP      ,470,Z1RF-ZT61-200       ,0,             ,0,0,0, ,319.6,N, ,DEPLOY,SVCS,1241, ,N
A,900185,9992,10BT RJ45 TO 10BFL MMF ST 2KM  ,CLASS A CONVERTER MODULE           ,169,CETTF1011-105       ,0.34,6.48E+11,9,5.25,2.5, ,106.87,N, ,MEDIAC,CPNT,531,Y,N
A,900199,9992,10BT RJ45 TO 10BFL MMF SC 2KM  ,CLASS A CONVERTER MODULE           ,179,CETTF1013-105       ,0.46,6.48E+11,8,5,2, ,109.86,N, ,MEDIAC,CPNT,531,Y,N
A,900777,9007,GEL WRIST REST & MOUSE PAD     ,                                   ,20.99,91741,0.7,77511917417,11.75,7,1, ,16.35,N, ,PADRST,ACCS,9910,Y,N
A,900779,9007,GEL WRIST REST                 ,                                   ,18.49,91737,0.9,77511917370,20,3.75,1, ,21.49,N, ,PADRST,ACCS,9910,Y,N
A,900895,2671,15FT USB AB CABLE TO CONNECT   ,USB SERVERSWITCH                   ,15,200.4025,0.4,7.53E+11,8.5,7.25,0.5, ,11.03,N, ,USB   ,CABL,2201,Y,N
A,901745,7099,6FT USBA TO MINI B DEVICE 4PIN ,CABLE FOR MOST DIGITAL CAMERAS     ,13.99,27331,0.15,7.57E+11,10.75,6,0.5, ,2.65,N, ,CAMCBL,CABL,9960,Y,N
A,901809,7099,3FT USBA/MINI-B 5PIN DEVICE    ,F/PHONES PDAS CAMERAS MP3          ,5.99,27329,0.1,7.57E+11,6,4.5,0.25, ,2.15,N, ,CAMCBL,CABL,9960,Y,N
A,901975,4044,BATTERY PACK FORSMART-UPS 24V  ,BLACK                              ,564,SUA24XLBP           ,67.9,7.31E+11,23.5,15,13, ,358.63,N, ,UPS-B ,BATT,101,Y,N
A,902030,U287,AIR DISTRIBUTION UNIT 115V 2U  ,2U RM                              ,1065,ACF001              ,54,7.31E+11,33.75,23.5,15.75, ,649.22,N, ,PDU   ,CPNT,101,Y,N
A,902072,U287,REPLACEMENT FILTER FOR AIR     ,DISTRIBUTION UNIT                  ,85,ACF001RF            ,2.44,7.31E+11,22,12.5,6, ,54.27,N, ,RACK-C,FAN ,103,Y,N
A,908543,4044,SMART UPS 1500VA SHIPBOARD     ,                                   ,1210,SUA1500X93          ,57.62,7.31E+11,23.25,14.5,13, ,744.21,N, ,UPS   ,PERP,101,Y,N
A,911163,7063,DUAL PS2 (2) TO USB(1) ADAPTER ,FOR WIN-TOUCH TRU-FORM & OTHERS    ,14.99,ADP-PU21            ,0.2,7.84E+11,9.5,5,0.25, ,7.2,N, ,KEYMSE,CABL,2230,Y,N
A,911247,7063,88KEY PS2 MINI TOUCHPAD        ,KEYBOARD BLACK                     ,59.99,ACK-540PB           ,1.95,7.84E+11,14.75,10,1.5, ,44.96,N, ,KEYB  ,ACCS,3350,Y,N
A,911332,7063,88KEY USB MINI TOUCHPAD        ,KEYBOARD BLACK                     ,59.99,ACK-540UB           ,1.9,7.84E+11,15,10,1.5, ,45.56,N, ,KEYB  ,ACCS,3350,Y,N
A,911456,7063,1U INDUSTRIAL RACKMOUNT PS2    ,KEYBOARD BLACK W/ TOUCHPAD         ,69.99,ACK-730PB           ,3.15,7.84E+11,14.75,11.6,1.75, ,52.99,N, ,KEYB  ,ACCS,3350,Y,N
A,911662,7063,USB 1U RM INDUSTRIAL TOUCHPAD  ,KEYBOARD BLACK                     ,69.99,ACK-730UB           ,3.1,7.84E+11,16.75,12,2, ,53.7,N, ,KEYB  ,ACCS,3350,Y,N
A,912296,7905,ML420 9PIN NARR 570CPS PAR USB ,120V EPS FX IBM PPR DOS WIN- BLACK ,471,91909701,17.1,51851440347,21.25,20.75,9.25, ,358.34,N, ,DOT   ,PRNT,701,Y,N
A,912318,7905,ML320 TURBO 9PIN NARR 390CPS   ,SER 120V EPSON FX IBM PPR OKI ML   ,520,91907101,17.05,51851440538,21.3,20.8,9.5, ,396.47,N, ,DOT   ,PRNT,701,Y,N
A,913085,4990,RS232 RS422/RS485 REVERSIBLE   ,CONVERTER W/MULTIDROP SURGE CONVERT,109.95,IC485AI             ,0.94,6.73E+11,9.5,6.5,2.5, ,74.85,N, ,MEDIAC,CPNT,531,Y,N
A,913160,4990,8PORT VIDEO SWITCH 8PC X 1MNTR ,W/ BOOSTER/ IRDA REMOTE/RECEIVER   ,165,VS881               ,2,6.73E+11,10.75,9,4, ,127.33,N, ,A/V-SW,PERP,3330,Y,N
A,919178,9992,REDUNDANT -48 VOLT DC POWER    ,SUPPLY FOR CPSMC1310-100           ,530,CPSMP-130           ,1,6.48E+11,11.5,6,5.5, ,335.16,N, ,MEDIAC,CPNT,531, ,N
A,949524,7841,43610 D1 BLACK PRINT / CLEAR TA,PE 1/4IN X 23FT                    ,19.67,43610,0.06,71701436108,3.5,2.5,0.5, ,11,N, ,LABELS,LABL,1022,Y,N
A,949834,7841,45803 D1 BLACK PRINT / WHITE TA,PE 3/4IN X 23FT                    ,28.79,45803,0.1,71701458032,3.5,2.5,0.75, ,15.38,N, ,LABELS,LABL,1022,Y,N
A,950228,7841,53710 D1 BLACK PRINT / CLEAR TA,PE 1IN X 23FT                      ,28.55,53710,0.1,71701537102,3.5,2.5,1.25, ,15.75,N, ,LABELS,LABL,1022,Y,N
A,950801,1518,3.5MM STEREO COUPLER F/F       ,VALUE                              ,6.99,3170,0.01,7.57E+11,1.5,0.25,0.25, ,2.59,N, ,AUDCBL,CABL,2220,Y,N
A,952019,288U,2000HRS 160W REPLACEMENT LAMP  ,FOR PT-LC56U/LC76U/LC80U           ,379,ETLAC80             ,0.95,7.92E+11,7.1,5.9,5.6, ,346.81,N, ,PJ-LMP,LAMP,9955,Y,N
A,952251,7099,7FT HIGH SPEED INTERNET MODEM  ,CBL 6P4C                           ,17.99,28721,0.18,7.57E+11,9,5.6,0.5, ,4.47,N, ,MODEM ,CABL,2230,Y,N
A,953106,7841,1/2IN X 13FT.LETRATAG WHITE    ,PAPER TAPE                         ,8.95,10697,0.05,71701106971,6.1,4,1.75, ,5,N, ,LABELS,LABL,1022,Y,N
A,953134,4671,19IN SERIAL ATA SIGNAL CABLE   ,W/ LATCHES 7PIN/7PIN SATA 6.0 GBPS ,5.25,P940-19I            ,0.05,37332118134,8,6,1, ,1.78,N, ,INTCBL,CABL,2270,Y,N
A,953411,4671,39IN SERIAL ATA SIGNAL CABLE   ,W/ LATCHES 7PIN/7PIN SATA 6.0 GBPS ,5.52,P940-39I            ,0.08,37332118141,4,4,0.25, ,1.88,N, ,INTCBL,CABL,2270,Y,N
A,954325,4671,6IN SERIAL ATA POWER CABLE     ,SATA 4PIN MOLEX TO 15PIN           ,5.24,P944-06I            ,0.1,37332117779,7,2.5,0.25, ,1.81,N, ,DRVPWR,CABL,2270,Y,N
A,954555,9007,BLUE GEL CRYSTAL WRIST REST    ,TRANSPARENT                        ,16.49,91137,0.75,77511911378,20,3,1, ,18.62,N, ,PADRST,ACCS,9910,Y,N
A,954597,9007,PURPLE GEL CRYSTAL WRIST REST  ,TRANSPARENT                        ,16.49,91437,0.75,77511914379,20,3.25,0.75, ,16.95,N, ,PADRST,ACCS,9910,Y,N
A,954614,9007,GEL CRYSTAL MOUSE PAD WRIST    ,REST TRANSPARENT BLUE              ,16.49,91141,0.8,77511911415,12,7,1, ,18.62,N, ,PADRST,ACCS,9910,Y,N
A,954628,9007,PURPLE GEL CRYSTAL MOUSE       ,PAD/WRIST REST TRANSPARENT         ,16.49,91441,0.8,77511914416,10.75,9,0.75, ,18.62,N, ,PADRST,ACCS,9910,Y,N
A,957057,2671,6FT MOLDED CABLE RJ45-DB9M CONN,DCE DEVICE-ETS4P ETS8P ETS16PR     ,7.95,500-101             ,0.22,7.83E+11,8.5,7,1, ,5.52,N, ,DEVSVR,CABL,571,Y,N
A,957058,2671,6FT MOLDED CABLE RJ45-DB25M    ,CONN DCE DEVICE-ETS4P ETS8P ETS16P ,7.95,500-102             ,0.25,7.83E+11,6.5,5,0.5, ,5.53,N, ,DEVSVR,CABL,571,Y,N
A,957059,2671,6FT MOLDED CABLE RJ45-DB9F CONN,DTE DEVICE-ETS4P ETS8P ETS16P      ,8,500-103             ,0.22,7.83E+11,7.5,6.5,0.75, ,5.52,N, ,DEVSVR,CABL,571,Y,N
A,957311,QB69,6FT OMNIVIEW ENTERPRISE 2PORT  ,HD50M 4-DIN6M TO 2-HD15M           ,39.99,F1D9400-06          ,0.9,7.23E+11,6,6,1.25, ,25.22,N, ,KVMCBL,CABL,2230,Y,N
A,957418,2350,FLAT PANEL MNTR CUBICLE HANGER ,FOR UP TO 20LBS LDS                ,204.78,K60058              ,11.7,85896600589,21.2,8.4,5.7, ,89.01,N, ,MNTR-L,MNT ,9940,Y,N
A,957421,QB69,10FT OMNIVIEW ENTERPRISE CABLE ,2PORT HD50M 4-DIN6M TO 2-HD15M     ,49.99,F1D9400-10          ,1.2,7.23E+11,11,9,1.75, ,30.09,N, ,KVMCBL,CABL,2230,Y,N
A,958334,QB69,15FT OMNIVIEW ENTERPRISE CABLE ,2PORT HD50M 4-DIN6M TO 2-HD15M ROHS,59.99,F1D9400-15          ,1.7,7.23E+11,11,9.5,2, ,39.78,N, ,KVMCBL,CABL,2230,Y,N
A,960134,QB69,25FT OMNIVIEW ENTERPRISE 2PORT ,HD50M 4-DIN6M TO 2-HD15M ROHS      ,89.99,F1D9400-25          ,2.24,7.23E+11,12.5,11,3, ,59.06,N, ,KVMCBL,CABL,2230,Y,N
A,960389,QB69,6FT OMNIVIEW ENTERPRISE 2PORT  ,HD50M 2-USBA/2-HD15M               ,39.99,F1D9401-06          ,0.85,7.23E+11,8,8,1, ,25.21,N, ,KVMCBL,CABL,2230,Y,N
A,960567,QB69,12FT OMNIVIEW ENTERPRISE 2PORT ,HD50M 2-USBA/2-HD15M ROHS          ,49.99,F1D9401-12          ,1.4,7.23E+11,7.5,6.5,1.5, ,31.18,N, ,KVMCBL,CABL,2230,Y,N
A,963858,3457,512MB PC3200 400MHZ DDR 184PIN ,DIMM UNBUFF CL3 2.6V               ,0,CT6464Z40B          ,0.05,6.50E+11,6.95,2.15,0.5, ,14.74,N, ,STDMEM,MEM ,2160,Y,N
A,969785,9007,25PK CD SLEEVES DOUBLE SIDED-  ,50 CD CAPACITY                     ,7.49,90661,0.25,77511906619,7,5.4,1.2, ,12.5,N, ,ST-STR,SLV ,9945,Y,N
A,972354,QB68,SILVER WAVE REST GEL FILLED    ,CUSHION MOUSE PAD W/ WRIST REST    ,16.99,F8E262-SLV          ,0.4,7.23E+11,11.75,8.75,1.25, ,6.18,N, ,PADRST,ACCS,9910,Y,N
A,972367,QB69,15FT ALL IN ONE USB KVM CABLE  ,FOR KVM SWITCH F1D104-USB          ,49.99,F3X1962B15          ,0.82,7.23E+11,7,7.5,1, ,31.19,N, ,KVMCBL,CABL,2230,Y,N
A,972392,QB68,CABLE MANAGEMENT PANEL 2U RACK ,5 3IN X 3IN DRINGS F/ DIST RA      ,43.99,F4D320              ,2,7.23E+11,21,6,5, ,8.22,N, ,CBLMGT,ACCS,2250,Y,N
A,972399,QB68,12FT EXT SCSI II INTERFACE     ,HD50M TO CENT50M                   ,147.99,F2N962-12           ,1.55,7.23E+11,7.75,7.25,2, ,28.97,N, ,EXTCBL,CABL,2270,Y,N
A,972490,QB68,1000FT BULK CAT6 GIGABIT GRAY  ,PLENUM PATCH CORD GENERIC BOX      ,424.99,A7L704-1000-P       ,29.35,7.23E+11,16,16,10, ,489.98,N, ,ETHERN,CABL,2240,Y,N
A,972494,QB68,10FT CAT5E RED CROSSOVER CABLE ,ROHS MOQ-12                        ,10.99,A3X126-10-RED       ,0.24,7.23E+11,4.8,4.5,0.8, ,3.76,N, ,ETHERN,CABL,2240,Y,N
A,972551,U294,25FT CAT5E GRAY UTP PATCH      ,NO BOOTS                           ,12.09,22702,0.56,7.57E+11,8,7,1, ,4.19,N, ,ETHERN,CABL,2240,Y,N
A,972552,7099,AT SERIAL ADAPTER BLOCK DB9M TO,DB25M                              ,15.99,2450,0.1,7.57E+11,2.3,2,0.5, ,3.53,N, ,SERIAL,CABL,2201,Y,N
A,972570,QB69,2PORT 1-LOCAL PS2 VGA OMNIVIEW ,REVERSE KVM SWITCH W/ 3FT CABLE    ,89.99,F1D201              ,2.15,7.23E+11,9,9,3.5, ,59.03,N, ,KVM-SW,PERP,3330,Y,N
A,975661,7125,6PK GEN PURPOSE RIBBONS 20MIL  ,CHAR FOR 6400 6408 (NOT  I  MODELS),145.38,1040990,2.35,7.35E+11,9.25,8,4.5, ,90.12,N, ,D-SUPL,RIBB,1010,Y,N
A,986034,3865,CD & DVD TRIMPAK CASES 200PK   ,CLEAR FLEXIBLE PLASTIC BULK 93975  ,80,93975,12.5,23942939757,10.5,10.5,9.25, ,44.89,N, ,ST-JWL,CASE,9945,Y,N
A,986048,3865,HP C4129X TONER CARTRIDGE 93872,HY LASERJET 5000 5100 10 000 PAGES ,100,93872,5.62,23942938729,17.5,15.75,7.75, ,54.45,N, ,L-SUPL,SUPL,1010,Y,N
A,986049,3865,HP C4182X TONER CARTRIDGE 93874,HY LASERJET 8100 8150 20 000 PAGES ,90,93874,8,23942938743,18.25,7.5,12, ,49.49,N, ,L-SUPL,SUPL,1010,Y,N
A,999223,9992,FIBER CONVERTER 1300NM SMF TO  ,MMF FASTENET/ATM/FDDI              ,925,F-SM-MM-02-NA       ,1.35,6.48E+11,12,10.75,6.5, ,584.87,N, ,MEDIAC,CPNT,531,Y,N